NOMBRE,PASSWORD
Fernando Gonzalo Gutierrez,3-Xt-72oÒOat#iodTi82
Fernando Paniagua Groba,i5u4OTiqU6DKUaOXUB-a
Victor Olivieri Paniagua,8$f7ELM$kLBe—1&Cb%iI
Juan Luis Ruiz Gonzalo,lerAT-Y43Jo3tCGvl—f—
Juan Luis Roca Groba,jtlEJegMUj5EPAeOL_@$
Emilio Perez Gonzalo,-u$evLusI1%0rQAMMr@o
Antonio Perez Paniagua,&D6Op#%ouaA#_-2xoEHZ
Juan Luis Paniagua Perez,mI7J62i@EA3d7rH8-oeM
Emilio Gonzalo Perez,2-ifA&vIjAI@u&e$u3P_
Antonio Martin Olivieri,$oEjL2zH$TuoeiUjuuUe
Emilio Olivieri Arbelo,4QemQo&AO$aKkOGe&aNe
Emilio Paniagua Martin,_o_OA0n5IxcIqIen%I@u
Fernando Gonzalo Groba,Am7DA0jlNzuAGILa3$qa
Andres Paniagua Olivieri,I4DUR$p2B%_zeEQDyRÒy
Victor Roca Paniagua,4_uuueVuU8OeIIa2iima
Juan Luis Ruiz Perez,rzuAz507Ò_aC&g#up45R
Juan Luis Martin Paniagua,axie$a%_VRII3l@-4N1u
Fernando Gutierrez Gutierrez,C@GE-ryX#&@8IS---e_E
Emilio Olivieri Olivieri,o7RwVoAIwa6i5U$7AWIG
Andres Gutierrez Paniagua,e#UUOm__eEEkiB@35QYO
Antonio Martin Olivieri,1iEGOsiKh0a_Ex0wo6O-
Antonio Martin Groba,a0qPEG1e&EIJUe#C2vpF
Juan Luis Gonzalo Paniagua,a1E-I$oO9azdOEOoIe6K
Antonio Olivieri Martin,Òigz%tgV3hduvlOF$iU-
Antonio Martin Gutierrez,Q3%4$U-fJbla8BI—ksgI
Victor Paniagua Arbelo,B01I&-5WOEE-dH_@67i6
Fernando Gonzalo Gonzalo,@6I#wo$&q4sFIGuvoGeÒ
Emilio Arbelo Martin,URxA2XOPhk-jkE%Uu$B0
Fernando Roca Arbelo,v@LaA1Ua5nAx$@umeU$B
Jukian Groba Olivieri,QV9CEP#wuo@Ke9cCoe68
Jukian Martin Gonzalo,uWO—jQuR@o_4u7i@o4U9
Fernando Perez Gutierrez,lu&q9#U7aJe-xKK58z&E
Antonio Groba Arbelo,jSpLwqcyK4%2ACEk&o-W
Fernando Ruiz Martin,a2pOitNO%O4—o8OIf%i9
Juan Luis Roca Olivieri,_mei5%tA@7—8@wKO5yE5
Antonio Olivieri Paniagua,01c&7D9Ooo-hFKo_4OEt
Juan Luis Martin Arbelo,ZWd1InK9OAe@_v3qURAs
Victor Olivieri Paniagua,eiibAK_O1QiItdE_—52m
Antonio Perez Paniagua,-Oa_0U$nK_TVuFRM4AnE
Fernando Gonzalo Perez,jBScxIM2A-z&g83#t8Y7
Fernando Paniagua Roca,ahP_a$F4UX5usioEK383
Jukian Roca Groba,A64--S#E@MeI_aoI7&3s
Jukian Groba Paniagua,Az4OYosj2A-0IabI6V_7
Emilio Olivieri Ruiz,U#4@oPoU2IMu#Eo5ImEV
Victor Olivieri Paniagua,oK#ipUNAp58&o8AZ9o8O
Andres Gutierrez Paniagua,5OTOu3weEo#Tu-A%UOnx
Jukian Arbelo Roca,LE9v#Y#o8XR$Au8bUogm
Juan Luis Gutierrez Groba,$AFGE_oU—@$$NoiyLsUj
Andres Martin Groba,%OI5il2-i0—FEEd23@i9
Juan Luis Gutierrez Arbelo,#U0c%U%O$AMelEUeoXO9
Antonio Arbelo Martin,UE63x&AUoRIiqtuOz$%A
Jukian Roca Perez,JP_I@&U2e@i2cfaeu7uB
Fernando Gonzalo Roca,wv3$24i#30Im7c-OLaIB
Emilio Arbelo Olivieri,Òl69i8daCIUbpO#ONaIo
Antonio Gonzalo Olivieri,0eex-ED_e&RAu5OT_iIO
Andres Gonzalo Ruiz,2tReu$a@$jYELWFÒeneM
Fernando Paniagua Arbelo,lOUEEEL70ceHY@AEIiTu
Antonio Arbelo Ruiz,6eRIi%Z5p#owVr6P&ubs
Jukian Arbelo Arbelo,Tquo$AhZ7H9Xdegu@opE
Andres Arbelo Gutierrez,T3UJX6jL1kiIueQL51-A
Juan Luis Paniagua Paniagua,ZoeaUALzP&3j_AIvL%4%
Antonio Arbelo Gonzalo,MI%&4CaipUoe-_$I4eod
Antonio Martin Groba,NSW79E#i16Eo767drmaR
Jukian Arbelo Gutierrez,IG2O_oEooi-TbU3157rr
Emilio Paniagua Roca,aEO6IUaVEkC%wU&I@o@I
Juan Luis Arbelo Groba,8F#IH%yAfi3IqEp_i0Ea
Emilio Paniagua Arbelo,BE2D@2Ao@1M9U_UDe&&I
Emilio Perez Paniagua,13r%RUoHEQe3%k9GZc@y
Andres Olivieri Paniagua,S$g$O#@DYIAX_$uA0iGv
Andres Perez Ruiz,ai2iU-6_SMhooU$%a-ij
Fernando Arbelo Olivieri,RaI0hnze$UrhuALZUQ&U
Antonio Arbelo Groba,PI&2IFY_fÒ3Wi8EUÒ&_F
Fernando Gonzalo Perez,6@oAPiEaA2OauC%BAYOk
Fernando Roca Perez,XIovo#OowEX8_D1#&@mQ
Victor Gonzalo Gutierrez,OE071@P_a4YEK5Im6hyA
Andres Martin Perez,Uo4tbtauiwEOUIW79t1&
Juan Luis Roca Gonzalo,eaN6X_Iib8Ooi$NOO44P
Antonio Olivieri Gutierrez,&E8A8m$sROzFN6i56@e9
Andres Martin Perez,iWw#F2NAUEac4Q280ROA
Fernando Arbelo Roca,o@Qf$%vAo&46iJEIDO40
Jukian Arbelo Ruiz,1B-7o4$&_x—pLf4UT85O
Jukian Paniagua Roca,b$him3-—&_Zw3ISFyHDM
Victor Martin Gutierrez,S_hp%@u#OEAN7T0u7ywW
Andres Perez Paniagua,K0TG#SUa4i2$b0-a#&O4
Fernando Ruiz Gonzalo,l_dOeI$&T@ÒK$ouwE2AU
Jukian Arbelo Ruiz,ULMMe03X$19c5nwn8PuE
Jukian Olivieri Roca,ER_HuaNyPLUAW#O37U2@
Antonio Olivieri Perez,-L6AK#Ò--uQZQ0uiOxOn
Victor Ruiz Ruiz,-Gl5_—7Uj9u0$o1Ye%aa
Juan Luis Perez Gonzalo,sEuZUVAnI%uio#s-T%%e
Juan Luis Groba Paniagua,&@$U5lAi@-uÒ#A0db4Sa
Emilio Paniagua Gonzalo,CA&uer2IEmn@U2Ò$_I1U
Fernando Groba Groba,$5YAi80%AqICUYAGa5JO
Fernando Roca Olivieri,A-aM5HBdUke—I#55uE&u
Emilio Arbelo Gutierrez,4iiOK2uOjuYt7fxHusFu
Juan Luis Gonzalo Groba,_QAdEABde4IeKj9Hoq48
Emilio Gutierrez Martin,DA3oe48ovAs7or%f#4G5
Emilio Olivieri Arbelo,Iia-a3YEuAAa&6UFO3gL
Juan Luis Gutierrez Olivieri,EoaoIor38PjIUmSUIEGR
Emilio Groba Perez,AE6LUeVOKU42O6Ii_V_1
